id,nome,telefone,cpf,country
1,Mariana Silva,+55 21 98765-0001,123.456.789-01,Brazil
2,John Smith,+1 202-555-0002,234.567.890-12,United States
3,Sofia Rossi,+39 06 555-0003,345.678.901-23,Italy
4,Liam O'Connor,+353 1 555-0004,456.789.012-34,Ireland
5,Ana García,+34 91 555-0005,567.890.123-45,Spain
6,Hiroshi Tanaka,+81 3-5555-0006,678.901.234-56,Japan
7,Olga Ivanova,+7 495 555-0007,789.012.345-67,Russia
8,Noah Müller,+49 30 555-0008,890.123.456-78,Germany
9,Isabella Moretti,+39 02 555-0009,901.234.567-89,Italy
10,Lucas Pereira,+55 11 98888-0010,012.345.678-90,Brazil
11,Emma Johnson,+1 415-555-0011,111.222.333-44,United States
12,Santiago López,+54 11 5555-0012,222.333.444-55,Argentina
13,Chloe Martin,+33 1 55 55 0013,333.444.555-66,France
14,Arjun Patel,+91 22 5555-0014,444.555.666-77,India
15,Mia Svensson,+46 8 555 0015,555.666.777-88,Sweden
16,Mateo Fernández,+57 1 555-0016,666.777.888-99,Colombia
17,Lucas Brown,+44 20 7946 0017,777.888.999-00,United Kingdom
18,Sophia Dubois,+33 4 78 55 0018,888.999.000-11,France
19,Ethan Wilson,+1 212-555-0019,999.000.111-22,United States
20,Valentina Costa,+55 31 99999-0020,101.202.303-33,Brazil
21,Oliver Thompson,+61 2 5550 0021,202.303.404-44,Australia
22,Amelia Clarke,+44 161 555 0022,303.404.505-55,United Kingdom
23,Diego Ruiz,+52 55 5550-0023,404.505.606-66,Mexico
24,Ava Kim,+82 2-555-0024,505.606.707-77,South Korea
25,Noah Silva,+55 71 98888-0025,606.707.808-88,Brazil
26,Lucas García,+34 93 555-0026,707.808.909-99,Spain
27,Sophia Rossi,+39 081 555-0027,808.909.010-10,Italy
28,Daniela Costa,+351 21 555-0028,909.010.121-21,Portugal
29,Alexander Novak,+420 2 5550 0029,010.121.232-32,Czech Republic
30,Olivia Martinez,+1 305-555-0030,121.232.343-43,United States
31,Mateus Almeida,+55 27 99999-0031,232.343.454-54,Brazil
32,Lucas Schmidt,+49 89 555-0032,343.454.565-65,Germany
33,Isabella Pereira,+55 41 98888-0033,454.565.676-76,Brazil
34,William Johnson,+1 617-555-0034,565.676.787-87,United States
35,Emma García,+34 95 555-0035,676.787.898-98,Spain
36,Noah Dubois,+33 2 55 55 0036,787.898.909-09,France
37,Alice Moreau,+33 3 88 55 0037,898.909.020-20,France
38,Lucas Rossi,+39 081 555-0038,909.020.131-31,Italy
39,María Fernández,+34 91 555-0039,020.131.242-42,Spain
40,Pedro Souza,+55 19 99999-0040,131.242.353-53,Brazil
41,Charlotte Brown,+44 20 7946 0041,242.353.464-64,United Kingdom
42,Samuel Lee,+1 646-555-0042,353.464.575-75,United States
43,Isabella Silva,+55 62 98888-0043,464.575.686-86,Brazil
44,Lucas Oliveira,+55 81 99999-0044,575.686.797-97,Brazil
45,Amélie Laurent,+33 1 44 55 0045,686.797.808-08,France
46,Daniel Kim,+82 10-5555-0046,797.808.919-19,South Korea
47,Mateo Rossi,+39 06 555-0047,808.919.030-30,Italy
48,Sofia Silva,+55 51 98888-0048,919.030.141-41,Brazil
49,Lucas Hernández,+52 55 5550-0049,030.141.252-52,Mexico
50,Olivia Brown,+1 213-555-0050,141.252.363-63,United States
51,Marcos Lima,+55 71 98888-0051,252.363.474-74,Brazil
52,Emma Wilson,+1 718-555-0052,363.474.585-85,United States
53,Lucas Martins,+55 47 99999-0053,474.585.696-96,Brazil
54,Sophia Romano,+39 02 555-0054,585.696.707-07,Italy
55,Noah Silva,+55 27 98888-0055,696.707.818-18,Brazil
56,Isabella Costa,+351 22 555-0056,707.818.929-29,Portugal
57,Alexander Smith,+1 312-555-0057,818.929.030-30,United States
58,Valentina Rossi,+39 081 555-0058,929.030.141-41,Italy
59,Lucas Pereira,+55 21 98888-0059,030.141.252-52,Brazil
60,Emma García,+34 91 555-0060,141.252.363-63,Spain
61,Oliver Martin,+33 1 55 55 0061,252.363.474-74,France
62,Ana Souza,+55 31 99999-0062,363.474.585-85,Brazil
63,Daniel Silva,+55 11 98888-0063,474.585.696-96,Brazil
64,Sophia Brown,+44 20 7946 0064,585.696.707-07,United Kingdom
65,Lucas Oliveira,+55 41 99999-0065,696.707.818-18,Brazil
66,Isabella Rossi,+39 06 555-0066,707.818.929-29,Italy
67,Noah Johnson,+1 415-555-0067,818.929.030-30,United States
68,Maria Fernández,+54 11 5555-0068,929.030.141-41,Argentina
69,Mateo Silva,+55 85 98888-0069,030.141.252-52,Brazil
70,Olivia Martin,+33 4 78 55 0070,141.252.363-63,France
71,Lucas Costa,+351 21 555-0071,252.363.474-74,Portugal
72,Emma Rossi,+39 081 555-0072,363.474.585-85,Italy
73,Daniela García,+34 93 555-0073,474.585.696-96,Spain
74,Noah Brown,+1 646-555-0074,585.696.707-07,United States
75,Sophia Silva,+55 62 98888-0075,696.707.818-18,Brazil
76,Lucas Moretti,+39 02 555-0076,707.818.929-29,Italy
77,Isabella Pereira,+55 11 98888-0077,818.929.030-30,Brazil
78,Oliver Smith,+44 161 555 0078,929.030.141-41,United Kingdom
79,Emma Dubois,+33 2 55 55 0079,030.141.252-52,France
80,Mateo Fernández,+57 1 555-0080,141.252.363-63,Colombia
81,Lucas Almeida,+55 27 99999-0081,252.363.474-74,Brazil
82,Amelia Clarke,+44 20 7946 0082,363.474.585-85,United Kingdom
83,Diego Ruiz,+52 55 5550-0083,474.585.696-96,Mexico
84,Ava Kim,+82 2-555-0084,585.696.707-07,South Korea
85,Noah Silva,+55 71 98888-0085,696.707.818-18,Brazil
86,Lucas García,+34 93 555-0086,707.818.929-29,Spain
87,Sophia Rossi,+39 081 555-0087,818.929.030-30,Italy
88,Daniela Costa,+351 21 555-0088,929.030.141-41,Portugal
89,Alexander Novak,+420 2 5550 0089,030.141.252-52,Czech Republic
90,Olivia Martinez,+1 305-555-0090,141.252.363-63,United States
91,Mateus Almeida,+55 27 99999-0091,252.363.474-74,Brazil
92,Lucas Schmidt,+49 89 555-0092,363.474.585-85,Germany
93,Isabella Pereira,+55 41 98888-0093,474.585.696-96,Brazil
94,William Johnson,+1 617-555-0094,585.696.707-07,United States
95,Emma García,+34 95 555-0095,696.707.818-18,Spain
96,Noah Dubois,+33 2 55 55 0096,707.818.929-29,France
97,Alice Moreau,+33 3 88 55 0097,818.929.030-30,France
98,Lucas Rossi,+39 081 555-0098,929.030.141-41,Italy
99,María Fernández,+34 91 555-0099,030.141.252-52,Spain
100,Pedro Souza,+55 19 99999-0100,141.252.363-63,Brazil
101,Charlotte Brown,+44 20 7946 0101,252.363.474-74,United Kingdom
102,Samuel Lee,+1 646-555-0102,363.474.585-85,United States
103,Isabella Silva,+55 62 98888-0103,474.585.696-96,Brazil
104,Lucas Oliveira,+55 81 99999-0104,585.696.707-07,Brazil
105,Amélie Laurent,+33 1 44 55 0105,696.707.818-18,France
106,Daniel Kim,+82 10-5555-0106,707.818.929-29,South Korea
107,Mateo Rossi,+39 06 555-0107,818.929.030-30,Italy
108,Sofia Silva,+55 51 98888-0108,929.030.141-41,Brazil
109,Lucas Hernández,+52 55 5550-0109,030.141.252-52,Mexico
110,Olivia Brown,+1 213-555-0110,141.252.363-63,United States
111,Marcos Lima,+55 71 98888-0111,252.363.474-74,Brazil
112,Emma Wilson,+1 718-555-0112,363.474.585-85,United States
113,Lucas Martins,+55 47 99999-0113,474.585.696-96,Brazil
114,Sophia Romano,+39 02 555-0114,585.696.707-07,Italy
115,Noah Silva,+55 27 98888-0115,696.707.818-18,Brazil
116,Isabella Costa,+351 22 555-0116,707.818.929-29,Portugal
117,Alexander Smith,+1 312-555-0117,818.929.030-30,United States
118,Valentina Rossi,+39 081 555-0118,929.030.141-41,Italy
119,Lucas Pereira,+55 21 98888-0119,030.141.252-52,Brazil
120,Emma García,+34 91 555-0120,141.252.363-63,Spain
121,Oliver Martin,+33 1 55 55 0121,252.363.474-74,France
122,Ana Souza,+55 31 99999-0122,363.474.585-85,Brazil
123,Daniel Silva,+55 11 98888-0123,474.585.696-96,Brazil
124,Sophia Brown,+44 20 7946 0124,585.696.707-07,United Kingdom
125,Lucas Oliveira,+55 41 99999-0125,696.707.818-18,Brazil
126,Isabella Rossi,+39 06 555-0126,707.818.929-29,Italy
127,Noah Johnson,+1 415-555-0127,818.929.030-30,United States
128,Maria Fernández,+54 11 5555-0128,929.030.141-41,Argentina
129,Mateo Silva,+55 85 98888-0129,030.141.252-52,Brazil
130,Olivia Martin,+33 4 78 55 0130,141.252.363-63,France
131,Lucas Costa,+351 21 555-0131,252.363.474-74,Portugal
132,Emma Rossi,+39 081 555-0132,363.474.585-85,Italy
133,Daniela García,+34 93 555-0133,474.585.696-96,Spain
134,Noah Brown,+1 646-555-0134,585.696.707-07,United States
135,Sophia Silva,+55 62 98888-0135,696.707.818-18,Brazil
136,Lucas Moretti,+39 02 555-0136,707.818.929-29,Italy
137,Isabella Pereira,+55 11 98888-0137,818.929.030-30,Brazil
138,Oliver Smith,+44 161 555 0138,929.030.141-41,United Kingdom
139,Emma Dubois,+33 2 55 55 0139,030.141.252-52,France
140,Mateo Fernández,+57 1 555-0140,141.252.363-63,Colombia
141,Lucas Almeida,+55 27 99999-0141,252.363.474-74,Brazil
142,Amelia Clarke,+44 20 7946 0142,363.474.585-85,United Kingdom
143,Diego Ruiz,+52 55 5550-0143,474.585.696-96,Mexico
144,Ava Kim,+82 2-555-0144,585.696.707-07,South Korea
145,Noah Silva,+55 71 98888-0145,696.707.818-18,Brazil
146,Lucas García,+34 93 555-0146,707.818.929-29,Spain
147,Sophia Rossi,+39 081 555-0147,818.929.030-30,Italy
148,Daniela Costa,+351 21 555-0148,929.030.141-41,Portugal
149,Alexander Novak,+420 2 5550 0149,030.141.252-52,Czech Republic
150,Olivia Martinez,+1 305-555-0150,141.252.363-63,United States
151,Mateus Almeida,+55 27 99999-0151,252.363.474-74,Brazil
152,Lucas Schmidt,+49 89 555-0152,363.474.585-85,Germany
153,Isabella Pereira,+55 41 98888-0153,474.585.696-96,Brazil
154,William Johnson,+1 617-555-0154,585.696.707-07,United States
155,Emma García,+34 95 555-0155,696.707.818-18,Spain
156,Noah Dubois,+33 2 55 55 0156,707.818.929-29,France
157,Alice Moreau,+33 3 88 55 0157,818.929.030-30,France
158,Lucas Rossi,+39 081 555-0158,929.030.141-41,Italy
159,María Fernández,+34 91 555-0159,030.141.252-52,Spain
160,Pedro Souza,+55 19 99999-0160,141.252.363-63,Brazil
161,Charlotte Brown,+44 20 7946 0161,252.363.474-74,United Kingdom
162,Samuel Lee,+1 646-555-0162,363.474.585-85,United States
163,Isabella Silva,+55 62 98888-0163,474.585.696-96,Brazil
164,Lucas Oliveira,+55 81 99999-0164,585.696.707-07,Brazil
165,Amélie Laurent,+33 1 44 55 0165,696.707.818-18,France
166,Daniel Kim,+82 10-5555-0166,707.818.929-29,South Korea
167,Mateo Rossi,+39 06 555-0167,818.929.030-30,Italy
168,Sofia Silva,+55 51 98888-0168,929.030.141-41,Brazil
169,Lucas Hernández,+52 55 5550-0169,030.141.252-52,Mexico
170,Olivia Brown,+1 213-555-0170,141.252.363-63,United States
171,Marcos Lima,+55 71 98888-0171,252.363.474-74,Brazil
172,Emma Wilson,+1 718-555-0172,363.474.585-85,United States
173,Lucas Martins,+55 47 99999-0173,474.585.696-96,Brazil
174,Sophia Romano,+39 02 555-0174,585.696.707-07,Italy
175,Noah Silva,+55 27 98888-0175,696.707.818-18,Brazil
176,Isabella Costa,+351 22 555-0176,707.818.929-29,Portugal
177,Alexander Smith,+1 312-555-0177,818.929.030-30,United States
178,Valentina Rossi,+39 081 555-0178,929.030.141-41,Italy
179,Lucas Pereira,+55 21 98888-0179,030.141.252-52,Brazil
180,Emma García,+34 91 555-0180,141.252.363-63,Spain
181,Oliver Martin,+33 1 55 55 0181,252.363.474-74,France
182,Ana Souza,+55 31 99999-0182,363.474.585-85,Brazil
183,Daniel Silva,+55 11 98888-0183,474.585.696-96,Brazil
184,Sophia Brown,+44 20 7946 0184,585.696.707-07,United Kingdom
185,Lucas Oliveira,+55 41 99999-0185,696.707.818-18,Brazil
186,Isabella Rossi,+39 06 555-0186,707.818.929-29,Italy
187,Noah Johnson,+1 415-555-0187,818.929.030-30,United States
188,Maria Fernández,+54 11 5555-0188,929.030.141-41,Argentina
189,Mateo Silva,+55 85 98888-0189,030.141.252-52,Brazil
190,Olivia Martin,+33 4 78 55 0190,141.252.363-63,France
191,Lucas Costa,+351 21 555-0191,252.363.474-74,Portugal
192,Emma Rossi,+39 081 555-0192,363.474.585-85,Italy
193,Daniela García,+34 93 555-0193,474.585.696-96,Spain
194,Noah Brown,+1 646-555-0194,585.696.707-07,United States
195,Sophia Silva,+55 62 98888-0195,696.707.818-18,Brazil
196,Lucas Moretti,+39 02 555-0196,707.818.929-29,Italy
197,Isabella Pereira,+55 11 98888-0197,818.929.030-30,Brazil
198,Oliver Smith,+44 161 555 0198,929.030.141-41,United Kingdom
199,Emma Dubois,+33 2 55 55 0199,030.141.252-52,France
200,Mateo Fernández,+57 1 555-0200,141.252.363-63,Colombia
201,Lucas Ferreira,+55 21 98877-0201,200.000.001-01,Brazil
202,Sara Müller,+49 30 555-0202,200.000.002-02,Germany
203,Diego Alvarez,+34 91 555-0203,200.000.003-03,Spain
204,Emily Davis,+1 212-555-0204,200.000.004-04,United States
205,Mateo Rossi,+39 06 555-0205,200.000.005-05,Italy
206,Anaïs Dupont,+33 1 55 55 0206,200.000.006-06,France
207,Hiro Tanaka,+81 3-5555-0207,200.000.007-07,Japan
208,Olga Petrov,+7 495 555-0208,200.000.008-08,Russia
209,Noah Johnson,+1 415-555-0209,200.000.009-09,United States
210,Mariana Costa,+55 11 99988-0210,200.000.010-10,Brazil
211,Lucas Smith,+44 20 7946 0211,200.000.011-11,United Kingdom
212,Isabella Romano,+39 02 555-0212,200.000.012-12,Italy
213,Sofia García,+34 93 555-0213,200.000.013-13,Spain
214,Arjun Singh,+91 22 5555-0214,200.000.014-14,India
215,Emma Wilson,+1 718-555-0215,200.000.015-15,United States
216,Mateus Oliveira,+55 27 99999-0216,200.000.016-16,Brazil
217,Clara Svensson,+46 8 555 0217,200.000.017-17,Sweden
218,Oliver Brown,+61 2 5550 0218,200.000.018-18,Australia
219,Valentina Moretti,+39 081 555-0219,200.000.019-19,Italy
220,Diego Pereira,+55 31 98888-0220,200.000.020-20,Brazil
221,Amelia Clarke,+44 161 555 0221,200.000.021-21,United Kingdom
222,Lucas Hernández,+52 55 5550-0222,200.000.022-22,Mexico
223,Ava Kim,+82 2-555-0223,200.000.023-23,South Korea
224,Noah Müller,+49 89 555-0224,200.000.024-24,Germany
225,Isabella Silva,+55 41 98888-0225,200.000.025-25,Brazil
226,Samuel Lee,+1 646-555-0226,200.000.026-26,United States
227,María Fernández,+54 11 5555-0227,200.000.027-27,Argentina
228,Lucas Martins,+55 47 99999-0228,200.000.028-28,Brazil
229,Emma Dubois,+33 2 55 55 0229,200.000.029-29,France
230,Alexander Novak,+420 2 5550 0230,200.000.030-30,Czech Republic
231,Olivia Brown,+1 213-555-0231,200.000.031-31,United States
232,Pedro Lima,+55 71 98888-0232,200.000.032-32,Brazil
233,Isabella Costa,+351 21 555-0233,200.000.033-33,Portugal
234,Lucas Schmidt,+49 30 555-0234,200.000.034-34,Germany
235,Sophia Romano,+39 06 555-0235,200.000.035-35,Italy
236,Daniela García,+34 95 555-0236,200.000.036-36,Spain
237,Noah Johnson,+1 617-555-0237,200.000.037-37,United States
238,Amélie Laurent,+33 1 44 55 0238,200.000.038-38,France
239,Daniel Kim,+82 10-5555-0239,200.000.039-39,South Korea
240,Mateo Fernández,+57 1 555-0240,200.000.040-40,Colombia
241,Lucas Almeida,+55 27 99999-0241,200.000.041-41,Brazil
242,Charlotte Brown,+44 20 7946 0242,200.000.042-42,United Kingdom
243,Samuel Green,+1 305-555-0243,200.000.043-43,United States
244,Isabella Pereira,+55 11 98888-0244,200.000.044-44,Brazil
245,Oliver Martin,+33 1 55 55 0245,200.000.045-45,France
246,Ana Souza,+55 31 99999-0246,200.000.046-46,Brazil
247,Daniel Silva,+55 11 98888-0247,200.000.047-47,Brazil
248,Sophia Brown,+44 20 7946 0248,200.000.048-48,United Kingdom
249,Lucas Oliveira,+55 41 99999-0249,200.000.049-49,Brazil
250,Isabella Rossi,+39 02 555-0250,200.000.050-50,Italy
251,Noah Johnson,+1 415-555-0251,200.000.051-51,United States
252,Maria Fernández,+54 11 5555-0252,200.000.052-52,Argentina
253,Mateo Silva,+55 85 98888-0253,200.000.053-53,Brazil
254,Olivia Martin,+33 4 78 55 0254,200.000.054-54,France
255,Lucas Costa,+351 21 555-0255,200.000.055-55,Portugal
256,Emma Rossi,+39 081 555-0256,200.000.056-56,Italy
257,Daniela García,+34 93 555-0257,200.000.057-57,Spain
258,Noah Brown,+1 646-555-0258,200.000.058-58,United States
259,Sophia Silva,+55 62 98888-0259,200.000.059-59,Brazil
260,Lucas Moretti,+39 02 555-0260,200.000.060-60,Italy
261,Isabella Pereira,+55 11 98888-0261,200.000.061-61,Brazil
262,Oliver Smith,+44 161 555 0262,200.000.062-62,United Kingdom
263,Emma Dubois,+33 2 55 55 0263,200.000.063-63,France
264,Mateo Fernández,+57 1 555-0264,200.000.064-64,Colombia
265,Lucas Almeida,+55 27 99999-0265,200.000.065-65,Brazil
266,Amelia Clarke,+44 20 7946 0266,200.000.066-66,United Kingdom
267,Diego Ruiz,+52 55 5550-0267,200.000.067-67,Mexico
268,Ava Kim,+82 2-555-0268,200.000.068-68,South Korea
269,Noah Silva,+55 71 98888-0269,200.000.069-69,Brazil
270,Lucas García,+34 93 555-0270,200.000.070-70,Spain
271,Sophia Rossi,+39 081 555-0271,200.000.071-71,Italy
272,Daniela Costa,+351 21 555-0272,200.000.072-72,Portugal
273,Alexander Novak,+420 2 5550 0273,200.000.073-73,Czech Republic
274,Olivia Martinez,+1 305-555-0274,200.000.074-74,United States
275,Mateus Almeida,+55 27 99999-0275,200.000.075-75,Brazil
276,Lucas Schmidt,+49 89 555-0276,200.000.076-76,Germany
277,Isabella Pereira,+55 41 98888-0277,200.000.077-77,Brazil
278,William Johnson,+1 617-555-0278,200.000.078-78,United States
279,Emma García,+34 95 555-0279,200.000.079-79,Spain
280,Noah Dubois,+33 2 55 55 0280,200.000.080-80,France
281,Alice Moreau,+33 3 88 55 0281,200.000.081-81,France
282,Lucas Rossi,+39 081 555-0282,200.000.082-82,Italy
283,María Fernández,+34 91 555-0283,200.000.083-83,Spain
284,Pedro Souza,+55 19 99999-0284,200.000.084-84,Brazil
285,Charlotte Brown,+44 20 7946 0285,200.000.085-85,United Kingdom
286,Samuel Lee,+1 646-555-0286,200.000.086-86,United States
287,Isabella Silva,+55 62 98888-0287,200.000.087-87,Brazil
288,Lucas Oliveira,+55 81 99999-0288,200.000.088-88,Brazil
289,Amélie Laurent,+33 1 44 55 0289,200.000.089-89,France
290,Daniel Kim,+82 10-5555-0290,200.000.090-90,South Korea
291,Mateo Rossi,+39 06 555-0291,200.000.091-91,Italy
292,Sofia Silva,+55 51 98888-0292,200.000.092-92,Brazil
293,Lucas Hernández,+52 55 5550-0293,200.000.093-93,Mexico
294,Olivia Brown,+1 213-555-0294,200.000.094-94,United States
295,Marcos Lima,+55 71 98888-0295,200.000.095-95,Brazil
296,Emma Wilson,+1 718-555-0296,200.000.096-96,United States
297,Lucas Martins,+55 47 99999-0297,200.000.097-97,Brazil
298,Sophia Romano,+39 02 555-0298,200.000.098-98,Italy
299,Noah Silva,+55 27 98888-0299,200.000.099-99,Brazil
300,Isabella Costa,+351 22 555-0300,200.000.100-00,Portugal
301,Alexander Smith,+1 312-555-0301,200.000.101-01,United States
302,Valentina Rossi,+39 081 555-0302,200.000.102-02,Italy
303,Lucas Pereira,+55 21 98888-0303,200.000.103-03,Brazil
304,Emma García,+34 91 555-0304,200.000.104-04,Spain
305,Oliver Martin,+33 1 55 55 0305,200.000.105-05,France
306,Ana Souza,+55 31 99999-0306,200.000.106-06,Brazil
307,Daniel Silva,+55 11 98888-0307,200.000.107-07,Brazil
308,Sophia Brown,+44 20 7946 0308,200.000.108-08,United Kingdom
309,Lucas Oliveira,+55 41 99999-0309,200.000.109-09,Brazil
310,Isabella Rossi,+39 06 555-0310,200.000.110-10,Italy
311,Noah Johnson,+1 415-555-0311,200.000.111-11,United States
312,Maria Fernández,+54 11 5555-0312,200.000.112-12,Argentina
313,Mateo Silva,+55 85 98888-0313,200.000.113-13,Brazil
314,Olivia Martin,+33 4 78 55 0314,200.000.114-14,France
315,Lucas Costa,+351 21 555-0315,200.000.115-15,Portugal
316,Emma Rossi,+39 081 555-0316,200.000.116-16,Italy
317,Daniela García,+34 93 555-0317,200.000.117-17,Spain
318,Noah Brown,+1 646-555-0318,200.000.118-18,United States
319,Sophia Silva,+55 62 98888-0319,200.000.119-19,Brazil
320,Lucas Moretti,+39 02 555-0320,200.000.120-20,Italy
321,Isabella Pereira,+55 11 98888-0321,200.000.121-21,Brazil
322,Oliver Smith,+44 161 555 0322,200.000.122-22,United Kingdom
323,Emma Dubois,+33 2 55 55 0323,200.000.123-23,France
324,Mateo Fernández,+57 1 555-0324,200.000.124-24,Colombia
325,Lucas Almeida,+55 27 99999-0325,200.000.125-25,Brazil
326,Amelia Clarke,+44 20 7946 0326,200.000.126-26,United Kingdom
327,Diego Ruiz,+52 55 5550-0327,200.000.127-27,Mexico
328,Ava Kim,+82 2-555-0328,200.000.128-28,South Korea
329,Noah Silva,+55 71 98888-0329,200.000.129-29,Brazil
330,Lucas García,+34 93 555-0330,200.000.130-30,Spain
331,Sophia Rossi,+39 081 555-0331,200.000.131-31,Italy
332,Daniela Costa,+351 21 555-0332,200.000.132-32,Portugal
333,Alexander Novak,+420 2 5550 0333,200.000.133-33,Czech Republic
334,Olivia Martinez,+1 305-555-0334,200.000.134-34,United States
335,Mateus Almeida,+55 27 99999-0335,200.000.135-35,Brazil
336,Lucas Schmidt,+49 89 555-0336,200.000.136-36,Germany
337,Isabella Pereira,+55 41 98888-0337,200.000.137-37,Brazil
338,William Johnson,+1 617-555-0338,200.000.138-38,United States
339,Emma García,+34 95 555-0339,200.000.139-39,Spain
340,Noah Dubois,+33 2 55 55 0340,200.000.140-40,France
341,Alice Moreau,+33 3 88 55 0341,200.000.141-41,France
342,Lucas Rossi,+39 081 555-0342,200.000.142-42,Italy
343,María Fernández,+34 91 555-0343,200.000.143-43,Spain
344,Pedro Souza,+55 19 99999-0344,200.000.144-44,Brazil
345,Charlotte Brown,+44 20 7946 0345,200.000.145-45,United Kingdom
346,Samuel Lee,+1 646-555-0346,200.000.146-46,United States
347,Isabella Silva,+55 62 98888-0347,200.000.147-47,Brazil
348,Lucas Oliveira,+55 81 99999-0348,200.000.148-48,Brazil
349,Amélie Laurent,+33 1 44 55 0349,200.000.149-49,France
350,Daniel Kim,+82 10-5555-0350,200.000.150-50,South Korea
351,Mateo Rossi,+39 06 555-0351,200.000.151-51,Italy
352,Sofia Silva,+55 51 98888-0352,200.000.152-52,Brazil
353,Lucas Hernández,+52 55 5550-0353,200.000.153-53,Mexico
354,Olivia Brown,+1 213-555-0354,200.000.154-54,United States
355,Marcos Lima,+55 71 98888-0355,200.000.155-55,Brazil
356,Emma Wilson,+1 718-555-0356,200.000.156-56,United States
357,Lucas Martins,+55 47 99999-0357,200.000.157-57,Brazil
358,Sophia Romano,+39 02 555-0358,200.000.158-58,Italy
359,Noah Silva,+55 27 98888-0359,200.000.159-59,Brazil
360,Isabella Costa,+351 22 555-0360,200.000.160-60,Portugal
361,Alexander Smith,+1 312-555-0361,200.000.161-61,United States
362,Valentina Rossi,+39 081 555-0362,200.000.162-62,Italy
363,Lucas Pereira,+55 21 98888-0363,200.000.163-63,Brazil
364,Emma García,+34 91 555-0364,200.000.164-64,Spain
365,Oliver Martin,+33 1 55 55 0365,200.000.165-65,France
366,Ana Souza,+55 31 99999-0366,200.000.166-66,Brazil
367,Daniel Silva,+55 11 98888-0367,200.000.167-67,Brazil
368,Sophia Brown,+44 20 7946 0368,200.000.168-68,United Kingdom
369,Lucas Oliveira,+55 41 99999-0369,200.000.169-69,Brazil
370,Isabella Rossi,+39 06 555-0370,200.000.170-70,Italy
371,Noah Johnson,+1 415-555-0371,200.000.171-71,United States
372,Maria Fernández,+54 11 5555-0372,200.000.172-72,Argentina
373,Mateo Silva,+55 85 98888-0373,200.000.173-73,Brazil
374,Olivia Martin,+33 4 78 55 0374,200.000.174-74,France
375,Lucas Costa,+351 21 555-0375,200.000.175-75,Portugal
376,Emma Rossi,+39 081 555-0376,200.000.176-76,Italy
377,Daniela García,+34 93 555-0377,200.000.177-77,Spain
378,Noah Brown,+1 646-555-0378,200.000.178-78,United States
379,Sophia Silva,+55 62 98888-0379,200.000.179-79,Brazil
380,Lucas Moretti,+39 02 555-0380,200.000.180-80,Italy
381,Isabella Pereira,+55 11 98888-0381,200.000.181-81,Brazil
382,Oliver Smith,+44 161 555 0382,200.000.182-82,United Kingdom
383,Emma Dubois,+33 2 55 55 0383,200.000.183-83,France
384,Mateo Fernández,+57 1 555-0384,200.000.184-84,Colombia
385,Lucas Almeida,+55 27 99999-0385,200.000.185-85,Brazil
386,Amelia Clarke,+44 20 7946 0386,200.000.186-86,United Kingdom
387,Diego Ruiz,+52 55 5550-0387,200.000.187-87,Mexico
388,Ava Kim,+82 2-555-0388,200.000.188-88,South Korea
389,Noah Silva,+55 71 98888-0389,200.000.189-89,Brazil
390,Lucas García,+34 93 555-0390,200.000.190-90,Spain
391,Sophia Rossi,+39 081 555-0391,200.000.191-91,Italy
392,Daniela Costa,+351 21 555-0392,200.000.192-92,Portugal
393,Alexander Novak,+420 2 5550 0393,200.000.193-93,Czech Republic
394,Olivia Martinez,+1 305-555-0394,200.000.194-94,United States
395,Mateus Almeida,+55 27 99999-0395,200.000.195-95,Brazil
396,Lucas Schmidt,+49 89 555-0396,200.000.196-96,Germany
397,Isabella Pereira,+55 41 98888-0397,200.000.197-97,Brazil
398,William Johnson,+1 617-555-0398,200.000.198-98,United States
399,Emma García,+34 95 555-0399,200.000.199-99,Spain
400,Noah Dubois,+33 2 55 55 0400,200.000.200-00,France
401,Lucas Ferreira,+55 21 98877-0401,300.000.001-01,Brazil
402,Sara Müller,+49 30 555-0402,300.000.002-02,Germany
403,Diego Alvarez,+34 91 555-0403,300.000.003-03,Spain
404,Emily Davis,+1 212-555-0404,300.000.004-04,United States
405,Mateo Rossi,+39 06 555-0405,300.000.005-05,Italy
406,Anaïs Dupont,+33 1 55 55 0406,300.000.006-06,France
407,Hiro Tanaka,+81 3-5555-0407,300.000.007-07,Japan
408,Olga Petrov,+7 495 555-0408,300.000.008-08,Russia
409,Noah Johnson,+1 415-555-0409,300.000.009-09,United States
410,Mariana Costa,+55 11 99988-0410,300.000.010-10,Brazil
411,Lucas Smith,+44 20 7946 0411,300.000.011-11,United Kingdom
412,Isabella Romano,+39 02 555-0412,300.000.012-12,Italy
413,Sofia García,+34 93 555-0413,300.000.013-13,Spain
414,Arjun Singh,+91 22 5555-0414,300.000.014-14,India
415,Emma Wilson,+1 718-555-0415,300.000.015-15,United States
416,Mateus Oliveira,+55 27 99999-0416,300.000.016-16,Brazil
417,Clara Svensson,+46 8 555 0417,300.000.017-17,Sweden
418,Oliver Brown,+61 2 5550 0418,300.000.018-18,Australia
419,Valentina Moretti,+39 081 555-0419,300.000.019-19,Italy
420,Diego Pereira,+55 31 98888-0420,300.000.020-20,Brazil
421,Amelia Clarke,+44 161 555 0421,300.000.021-21,United Kingdom
422,Lucas Hernández,+52 55 5550-0422,300.000.022-22,Mexico
423,Ava Kim,+82 2-555-0423,300.000.023-23,South Korea
424,Noah Müller,+49 89 555-0424,300.000.024-24,Germany
425,Isabella Silva,+55 41 98888-0425,300.000.025-25,Brazil
426,Samuel Lee,+1 646-555-0426,300.000.026-26,United States
427,María Fernández,+54 11 5555-0427,300.000.027-27,Argentina
428,Lucas Martins,+55 47 99999-0428,300.000.028-28,Brazil
429,Emma Dubois,+33 2 55 55 0429,300.000.029-29,France
430,Alexander Novak,+420 2 5550 0430,300.000.030-30,Czech Republic
431,Olivia Brown,+1 213-555-0431,300.000.031-31,United States
432,Pedro Lima,+55 71 98888-0432,300.000.032-32,Brazil
433,Isabella Costa,+351 21 555-0433,300.000.033-33,Portugal
434,Lucas Schmidt,+49 30 555-0434,300.000.034-34,Germany
435,Sophia Romano,+39 06 555-0435,300.000.035-35,Italy
436,Daniela García,+34 95 555-0436,300.000.036-36,Spain
437,Noah Johnson,+1 617-555-0437,300.000.037-37,United States
438,Amélie Laurent,+33 1 44 55 0438,300.000.038-38,France
439,Daniel Kim,+82 10-5555-0439,300.000.039-39,South Korea
440,Mateo Fernández,+57 1 555-0440,300.000.040-40,Colombia
441,Lucas Almeida,+55 27 99999-0441,300.000.041-41,Brazil
442,Charlotte Brown,+44 20 7946 0442,300.000.042-42,United Kingdom
443,Samuel Green,+1 305-555-0443,300.000.043-43,United States
444,Isabella Pereira,+55 11 98888-0444,300.000.044-44,Brazil
445,Oliver Martin,+33 1 55 55 0445,300.000.045-45,France
446,Ana Souza,+55 31 99999-0446,300.000.046-46,Brazil
447,Daniel Silva,+55 11 98888-0447,300.000.047-47,Brazil
448,Sophia Brown,+44 20 7946 0448,300.000.048-48,United Kingdom
449,Lucas Oliveira,+55 41 99999-0449,300.000.049-49,Brazil
450,Isabella Rossi,+39 02 555-0450,300.000.050-50,Italy
451,Noah Johnson,+1 415-555-0451,300.000.051-51,United States
452,Maria Fernández,+54 11 5555-0452,300.000.052-52,Argentina
453,Mateo Silva,+55 85 98888-0453,300.000.053-53,Brazil
454,Olivia Martin,+33 4 78 55 0454,300.000.054-54,France
455,Lucas Costa,+351 21 555-0455,300.000.055-55,Portugal
456,Emma Rossi,+39 081 555-0456,300.000.056-56,Italy
457,Daniela García,+34 93 555-0457,300.000.057-57,Spain
458,Noah Brown,+1 646-555-0458,300.000.058-58,United States
459,Sophia Silva,+55 62 98888-0459,300.000.059-59,Brazil
460,Lucas Moretti,+39 02 555-0460,300.000.060-60,Italy
461,Isabella Pereira,+55 11 98888-0461,300.000.061-61,Brazil
462,Oliver Smith,+44 161 555 0462,300.000.062-62,United Kingdom
463,Emma Dubois,+33 2 55 55 0463,300.000.063-63,France
464,Mateo Fernández,+57 1 555-0464,300.000.064-64,Colombia
465,Lucas Almeida,+55 27 99999-0465,300.000.065-65,Brazil
466,Amelia Clarke,+44 20 7946 0466,300.000.066-66,United Kingdom
467,Diego Ruiz,+52 55 5550-0467,300.000.067-67,Mexico
468,Ava Kim,+82 2-555-0468,300.000.068-68,South Korea
469,Noah Silva,+55 71 98888-0469,300.000.069-69,Brazil
470,Lucas García,+34 93 555-0470,300.000.070-70,Spain
471,Sophia Rossi,+39 081 555-0471,300.000.071-71,Italy
472,Daniela Costa,+351 21 555-0472,300.000.072-72,Portugal
473,Alexander Novak,+420 2 5550 0473,300.000.073-73,Czech Republic
474,Olivia Martinez,+1 305-555-0474,300.000.074-74,United States
475,Mateus Almeida,+55 27 99999-0475,300.000.075-75,Brazil
476,Lucas Schmidt,+49 89 555-0476,300.000.076-76,Germany
477,Isabella Pereira,+55 41 98888-0477,300.000.077-77,Brazil
478,William Johnson,+1 617-555-0478,300.000.078-78,United States
479,Emma García,+34 95 555-0479,300.000.079-79,Spain
480,Noah Dubois,+33 2 55 55 0480,300.000.080-80,France
481,Alice Moreau,+33 3 88 55 0481,300.000.081-81,France
482,Lucas Rossi,+39 081 555-0482,300.000.082-82,Italy
483,María Fernández,+34 91 555-0483,300.000.083-83,Spain
484,Pedro Souza,+55 19 99999-0484,300.000.084-84,Brazil
485,Charlotte Brown,+44 20 7946 0485,300.000.085-85,United Kingdom
486,Samuel Lee,+1 646-555-0486,300.000.086-86,United States
487,Isabella Silva,+55 62 98888-0487,300.000.087-87,Brazil
488,Lucas Oliveira,+55 81 99999-0488,300.000.088-88,Brazil
489,Amélie Laurent,+33 1 44 55 0489,300.000.089-89,France
490,Daniel Kim,+82 10-5555-0490,300.000.090-90,South Korea
491,Mateo Rossi,+39 06 555-0491,300.000.091-91,Italy
492,Sofia Silva,+55 51 98888-0492,300.000.092-92,Brazil
493,Lucas Hernández,+52 55 5550-0493,300.000.093-93,Mexico
494,Olivia Brown,+1 213-555-0494,300.000.094-94,United States
495,Marcos Lima,+55 71 98888-0495,300.000.095-95,Brazil
496,Emma Wilson,+1 718-555-0496,300.000.096-96,United States
497,Lucas Martins,+55 47 99999-0497,300.000.097-97,Brazil
498,Sophia Romano,+39 02 555-0498,300.000.098-98,Italy
499,Noah Silva,+55 27 98888-0499,300.000.099-99,Brazil
500,Isabella Costa,+351 22 555-0500,300.000.100-00,Portugal
501,Alexander Smith,+1 312-555-0501,300.000.101-01,United States
502,Valentina Rossi,+39 081 555-0502,300.000.102-02,Italy
503,Lucas Pereira,+55 21 98888-0503,300.000.103-03,Brazil
504,Emma García,+34 91 555-0504,300.000.104-04,Spain
505,Oliver Martin,+33 1 55 55 0505,300.000.105-05,France
506,Ana Souza,+55 31 99999-0506,300.000.106-06,Brazil
507,Daniel Silva,+55 11 98888-0507,300.000.107-07,Brazil
508,Sophia Brown,+44 20 7946 0508,300.000.108-08,United Kingdom
509,Lucas Oliveira,+55 41 99999-0509,300.000.109-09,Brazil
510,Isabella Rossi,+39 06 555-0510,300.000.110-10,Italy
511,Noah Johnson,+1 415-555-0511,300.000.111-11,United States
512,Maria Fernández,+54 11 5555-0512,300.000.112-12,Argentina
513,Mateo Silva,+55 85 98888-0513,300.000.113-13,Brazil
514,Olivia Martin,+33 4 78 55 0514,300.000.114-14,France
515,Lucas Costa,+351 21 555-0515,300.000.115-15,Portugal
516,Emma Rossi,+39 081 555-0516,300.000.116-16,Italy
517,Daniela García,+34 93 555-0517,300.000.117-17,Spain
518,Noah Brown,+1 646-555-0518,300.000.118-18,United States
519,Sophia Silva,+55 62 98888-0519,300.000.119-19,Brazil
520,Lucas Moretti,+39 02 555-0520,300.000.120-20,Italy
521,Isabella Pereira,+55 11 98888-0521,300.000.121-21,Brazil
522,Oliver Smith,+44 161 555 0522,300.000.122-22,United Kingdom
523,Emma Dubois,+33 2 55 55 0523,300.000.123-23,France
524,Mateo Fernández,+57 1 555-0524,300.000.124-24,Colombia
525,Lucas Almeida,+55 27 99999-0525,300.000.125-25,Brazil
526,Amelia Clarke,+44 20 7946 0526,300.000.126-26,United Kingdom
527,Diego Ruiz,+52 55 5550-0527,300.000.127-27,Mexico
528,Ava Kim,+82 2-555-0528,300.000.128-28,South Korea
529,Noah Silva,+55 71 98888-0529,300.000.129-29,Brazil
530,Lucas García,+34 93 555-0530,300.000.130-30,Spain
531,Sophia Rossi,+39 081 555-0531,300.000.131-31,Italy
532,Daniela Costa,+351 21 555-0532,300.000.132-32,Portugal
533,Alexander Novak,+420 2 5550 0533,300.000.133-33,Czech Republic
534,Olivia Martinez,+1 305-555-0534,300.000.134-34,United States
535,Mateus Almeida,+55 27 99999-0535,300.000.135-35,Brazil
536,Lucas Schmidt,+49 89 555-0536,300.000.136-36,Germany
537,Isabella Pereira,+55 41 98888-0537,300.000.137-37,Brazil
538,William Johnson,+1 617-555-0538,300.000.138-38,United States
539,Emma García,+34 95 555-0539,300.000.139-39,Spain
540,Noah Dubois,+33 2 55 55 0540,300.000.140-40,France
541,Alice Moreau,+33 3 88 55 0541,300.000.141-41,France
542,Lucas Rossi,+39 081 555-0542,300.000.142-42,Italy
543,María Fernández,+34 91 555-0543,300.000.143-43,Spain
544,Pedro Souza,+55 19 99999-0544,300.000.144-44,Brazil
545,Charlotte Brown,+44 20 7946 0545,300.000.145-45,United Kingdom
546,Samuel Lee,+1 646-555-0546,300.000.146-46,United States
547,Isabella Silva,+55 62 98888-0547,300.000.147-47,Brazil
548,Lucas Oliveira,+55 81 99999-0548,300.000.148-48,Brazil
549,Amélie Laurent,+33 1 44 55 0549,300.000.149-49,France
550,Daniel Kim,+82 10-5555-0550,300.000.150-50,South Korea
551,Mateo Rossi,+39 06 555-0551,300.000.151-51,Italy
552,Sofia Silva,+55 51 98888-0552,300.000.152-52,Brazil
553,Lucas Hernández,+52 55 5550-0553,300.000.153-53,Mexico
554,Olivia Brown,+1 213-555-0554,300.000.154-54,United States
555,Marcos Lima,+55 71 98888-0555,300.000.155-55,Brazil
556,Emma Wilson,+1 718-555-0556,300.000.156-56,United States
557,Lucas Martins,+55 47 99999-0557,300.000.157-57,Brazil
558,Sophia Romano,+39 02 555-0558,300.000.158-58,Italy
559,Noah Silva,+55 27 98888-0559,300.000.159-59,Brazil
560,Isabella Costa,+351 22 555-0560,300.000.160-60,Portugal
561,Alexander Smith,+1 312-555-0561,300.000.161-61,United States
562,Valentina Rossi,+39 081 555-0562,300.000.162-62,Italy
563,Lucas Pereira,+55 21 98888-0563,300.000.163-63,Brazil
564,Emma García,+34 91 555-0564,300.000.164-64,Spain
565,Oliver Martin,+33 1 55 55 0565,300.000.165-65,France
566,Ana Souza,+55 31 99999-0566,300.000.166-66,Brazil
567,Daniel Silva,+55 11 98888-0567,300.000.167-67,Brazil
568,Sophia Brown,+44 20 7946 0568,300.000.168-68,United Kingdom
569,Lucas Oliveira,+55 41 99999-0569,300.000.169-69,Brazil
570,Isabella Rossi,+39 06 555-0570,300.000.170-70,Italy
571,Noah Johnson,+1 415-555-0571,300.000.171-71,United States
572,Maria Fernández,+54 11 5555-0572,300.000.172-72,Argentina
573,Mateo Silva,+55 85 98888-0573,300.000.173-73,Brazil
574,Olivia Martin,+33 4 78 55 0574,300.000.174-74,France
575,Lucas Costa,+351 21 555-0575,300.000.175-75,Portugal
576,Emma Rossi,+39 081 555-0576,300.000.176-76,Italy
577,Daniela García,+34 93 555-0577,300.000.177-77,Spain
578,Noah Brown,+1 646-555-0578,300.000.178-78,United States
579,Sophia Silva,+55 62 98888-0579,300.000.179-79,Brazil
580,Lucas Moretti,+39 02 555-0580,300.000.180-80,Italy
581,Isabella Pereira,+55 11 98888-0581,300.000.181-81,Brazil
582,Oliver Smith,+44 161 555 0582,300.000.182-82,United Kingdom
583,Emma Dubois,+33 2 55 55 0583,300.000.183-83,France
584,Mateo Fernández,+57 1 555-0584,300.000.184-84,Colombia
585,Lucas Almeida,+55 27 99999-0585,300.000.185-85,Brazil
586,Amelia Clarke,+44 20 7946 0586,300.000.186-86,United Kingdom
587,Diego Ruiz,+52 55 5550-0587,300.000.187-87,Mexico
588,Ava Kim,+82 2-555-0588,300.000.188-88,South Korea
589,Noah Silva,+55 71 98888-0589,300.000.189-89,Brazil
590,Lucas García,+34 93 555-0590,300.000.190-90,Spain
591,Sophia Rossi,+39 081 555-0591,300.000.191-91,Italy
592,Daniela Costa,+351 21 555-0592,300.000.192-92,Portugal
593,Alexander Novak,+420 2 5550 0593,300.000.193-93,Czech Republic
594,Olivia Martinez,+1 305-555-0594,300.000.194-94,United States
595,Mateus Almeida,+55 27 99999-0595,300.000.195-95,Brazil
596,Lucas Schmidt,+49 89 555-0596,300.000.196-96,Germany
597,Isabella Pereira,+55 41 98888-0597,300.000.197-97,Brazil
598,William Johnson,+1 617-555-0598,300.000.198-98,United States
599,Emma García,+34 95 555-0599,300.000.199-99,Spain
600,Noah Dubois,+33 2 55 55 0600,300.000.200-00,France
601,Lucas Ferreira,+55 21 98877-0601,400.000.001-01,Brazil
602,Sara Müller,+49 30 555-0602,400.000.002-02,Germany
603,Diego Alvarez,+34 91 555-0603,400.000.003-03,Spain
604,Emily Davis,+1 212-555-0604,400.000.004-04,United States
605,Mateo Rossi,+39 06 555-0605,400.000.005-05,Italy
606,Anaïs Dupont,+33 1 55 55 0606,400.000.006-06,France
607,Hiro Tanaka,+81 3-5555-0607,400.000.007-07,Japan
608,Olga Petrov,+7 495 555-0608,400.000.008-08,Russia
609,Noah Johnson,+1 415-555-0609,400.000.009-09,United States
610,Mariana Costa,+55 11 99988-0610,400.000.010-10,Brazil
611,Lucas Smith,+44 20 7946 0611,400.000.011-11,United Kingdom
612,Isabella Romano,+39 02 555-0612,400.000.012-12,Italy
613,Sofia García,+34 93 555-0613,400.000.013-13,Spain
614,Arjun Singh,+91 22 5555-0614,400.000.014-14,India
615,Emma Wilson,+1 718-555-0615,400.000.015-15,United States
616,Mateus Oliveira,+55 27 99999-0616,400.000.016-16,Brazil
617,Clara Svensson,+46 8 555 0617,400.000.017-17,Sweden
618,Oliver Brown,+61 2 5550 0618,400.000.018-18,Australia
619,Valentina Moretti,+39 081 555-0619,400.000.019-19,Italy
620,Diego Pereira,+55 31 98888-0620,400.000.020-20,Brazil
621,Amelia Clarke,+44 161 555 0621,400.000.021-21,United Kingdom
622,Lucas Hernández,+52 55 5550-0622,400.000.022-22,Mexico
623,Ava Kim,+82 2-555-0623,400.000.023-23,South Korea
624,Noah Müller,+49 89 555-0624,400.000.024-24,Germany
625,Isabella Silva,+55 41 98888-0625,400.000.025-25,Brazil
626,Samuel Lee,+1 646-555-0626,400.000.026-26,United States
627,María Fernández,+54 11 5555-0627,400.000.027-27,Argentina
628,Lucas Martins,+55 47 99999-0628,400.000.028-28,Brazil
629,Emma Dubois,+33 2 55 55 0629,400.000.029-29,France
630,Alexander Novak,+420 2 5550 0630,400.000.030-30,Czech Republic
631,Olivia Brown,+1 213-555-0631,400.000.031-31,United States
632,Pedro Lima,+55 71 98888-0632,400.000.032-32,Brazil
633,Isabella Costa,+351 21 555-0633,400.000.033-33,Portugal
634,Lucas Schmidt,+49 30 555-0634,400.000.034-34,Germany
635,Sophia Romano,+39 06 555-0635,400.000.035-35,Italy
636,Daniela García,+34 95 555-0636,400.000.036-36,Spain
637,Noah Johnson,+1 617-555-0637,400.000.037-37,United States
638,Amélie Laurent,+33 1 44 55 0638,400.000.038-38,France
639,Daniel Kim,+82 10-5555-0639,400.000.039-39,South Korea
640,Mateo Fernández,+57 1 555-0640,400.000.040-40,Colombia
641,Lucas Almeida,+55 27 99999-0641,400.000.041-41,Brazil
642,Charlotte Brown,+44 20 7946 0642,400.000.042-42,United Kingdom
643,Samuel Green,+1 305-555-0643,400.000.043-43,United States
644,Isabella Pereira,+55 11 98888-0644,400.000.044-44,Brazil
645,Oliver Martin,+33 1 55 55 0645,400.000.045-45,France
646,Ana Souza,+55 31 99999-0646,400.000.046-46,Brazil
647,Daniel Silva,+55 11 98888-0647,400.000.047-47,Brazil
648,Sophia Brown,+44 20 7946 0648,400.000.048-48,United Kingdom
649,Lucas Oliveira,+55 41 99999-0649,400.000.049-49,Brazil
650,Isabella Rossi,+39 02 555-0650,400.000.050-50,Italy
651,Noah Johnson,+1 415-555-0651,400.000.051-51,United States
652,Maria Fernández,+54 11 5555-0652,400.000.052-52,Argentina
653,Mateo Silva,+55 85 98888-0653,400.000.053-53,Brazil
654,Olivia Martin,+33 4 78 55 0654,400.000.054-54,France
655,Lucas Costa,+351 21 555-0655,400.000.055-55,Portugal
656,Emma Rossi,+39 081 555-0656,400.000.056-56,Italy
657,Daniela García,+34 93 555-0657,400.000.057-57,Spain
658,Noah Brown,+1 646-555-0658,400.000.058-58,United States
659,Sophia Silva,+55 62 98888-0659,400.000.059-59,Brazil
660,Lucas Moretti,+39 02 555-0660,400.000.060-60,Italy
661,Isabella Pereira,+55 11 98888-0661,400.000.061-61,Brazil
662,Oliver Smith,+44 161 555 0662,400.000.062-62,United Kingdom
663,Emma Dubois,+33 2 55 55 0663,400.000.063-63,France
664,Mateo Fernández,+57 1 555-0664,400.000.064-64,Colombia
665,Lucas Almeida,+55 27 99999-0665,400.000.065-65,Brazil
666,Amelia Clarke,+44 20 7946 0666,400.000.066-66,United Kingdom
667,Diego Ruiz,+52 55 5550-0667,400.000.067-67,Mexico
668,Ava Kim,+82 2-555-0668,400.000.068-68,South Korea
669,Noah Silva,+55 71 98888-0669,400.000.069-69,Brazil
670,Lucas García,+34 93 555-0670,400.000.070-70,Spain
671,Sophia Rossi,+39 081 555-0671,400.000.071-71,Italy
672,Daniela Costa,+351 21 555-0672,400.000.072-72,Portugal
673,Alexander Novak,+420 2 5550 0673,400.000.073-73,Czech Republic
674,Olivia Martinez,+1 305-555-0674,400.000.074-74,United States
675,Mateus Almeida,+55 27 99999-0675,400.000.075-75,Brazil
676,Lucas Schmidt,+49 89 555-0676,400.000.076-76,Germany
677,Isabella Pereira,+55 41 98888-0677,400.000.077-77,Brazil
678,William Johnson,+1 617-555-0678,400.000.078-78,United States
679,Emma García,+34 95 555-0679,400.000.079-79,Spain
680,Noah Dubois,+33 2 55 55 0680,400.000.080-80,France
681,Alice Moreau,+33 3 88 55 0681,400.000.081-81,France
682,Lucas Rossi,+39 081 555-0682,400.000.082-82,Italy
683,María Fernández,+34 91 555-0683,400.000.083-83,Spain
684,Pedro Souza,+55 19 99999-0684,400.000.084-84,Brazil
685,Charlotte Brown,+44 20 7946 0685,400.000.085-85,United Kingdom
686,Samuel Lee,+1 646-555-0686,400.000.086-86,United States
687,Isabella Silva,+55 62 98888-0687,400.000.087-87,Brazil
688,Lucas Oliveira,+55 81 99999-0688,400.000.088-88,Brazil
689,Amélie Laurent,+33 1 44 55 0689,400.000.089-89,France
690,Daniel Kim,+82 10-5555-0690,400.000.090-90,South Korea
691,Mateo Rossi,+39 06 555-0691,400.000.091-91,Italy
692,Sofia Silva,+55 51 98888-0692,400.000.092-92,Brazil
693,Lucas Hernández,+52 55 5550-0693,400.000.093-93,Mexico
694,Olivia Brown,+1 213-555-0694,400.000.094-94,United States
695,Marcos Lima,+55 71 98888-0695,400.000.095-95,Brazil
696,Emma Wilson,+1 718-555-0696,400.000.096-96,United States
697,Lucas Martins,+55 47 99999-0697,400.000.097-97,Brazil
698,Sophia Romano,+39 02 555-0698,400.000.098-98,Italy
699,Noah Silva,+55 27 98888-0699,400.000.099-99,Brazil
700,Isabella Costa,+351 22 555-0700,400.000.100-00,Portugal
701,Alexander Smith,+1 312-555-0701,400.000.101-01,United States
702,Valentina Rossi,+39 081 555-0702,400.000.102-02,Italy
703,Lucas Pereira,+55 21 98888-0703,400.000.103-03,Brazil
704,Emma García,+34 91 555-0704,400.000.104-04,Spain
705,Oliver Martin,+33 1 55 55 0705,400.000.105-05,France
706,Ana Souza,+55 31 99999-0706,400.000.106-06,Brazil
707,Daniel Silva,+55 11 98888-0707,400.000.107-07,Brazil
708,Sophia Brown,+44 20 7946 0708,400.000.108-08,United Kingdom
709,Lucas Oliveira,+55 41 99999-0709,400.000.109-09,Brazil
710,Isabella Rossi,+39 06 555-0710,400.000.110-10,Italy
711,Noah Johnson,+1 415-555-0711,400.000.111-11,United States
712,Maria Fernández,+54 11 5555-0712,400.000.112-12,Argentina
713,Mateo Silva,+55 85 98888-0713,400.000.113-13,Brazil
714,Olivia Martin,+33 4 78 55 0714,400.000.114-14,France
715,Lucas Costa,+351 21 555-0715,400.000.115-15,Portugal
716,Emma Rossi,+39 081 555-0716,400.000.116-16,Italy
717,Daniela García,+34 93 555-0717,400.000.117-17,Spain
718,Noah Brown,+1 646-555-0718,400.000.118-18,United States
719,Sophia Silva,+55 62 98888-0719,400.000.119-19,Brazil
720,Lucas Moretti,+39 02 555-0720,400.000.120-20,Italy
721,Isabella Pereira,+55 11 98888-0721,400.000.121-21,Brazil
722,Oliver Smith,+44 161 555 0722,400.000.122-22,United Kingdom
723,Emma Dubois,+33 2 55 55 0723,400.000.123-23,France
724,Mateo Fernández,+57 1 555-0724,400.000.124-24,Colombia
725,Lucas Almeida,+55 27 99999-0725,400.000.125-25,Brazil
726,Amelia Clarke,+44 20 7946 0726,400.000.126-26,United Kingdom
727,Diego Ruiz,+52 55 5550-0727,400.000.127-27,Mexico
728,Ava Kim,+82 2-555-0728,400.000.128-28,South Korea
729,Noah Silva,+55 71 98888-0729,400.000.129-29,Brazil
730,Lucas García,+34 93 555-0730,400.000.130-30,Spain
731,Sophia Rossi,+39 081 555-0731,400.000.131-31,Italy
732,Daniela Costa,+351 21 555-0732,400.000.132-32,Portugal
733,Alexander Novak,+420 2 5550 0733,400.000.133-33,Czech Republic
734,Olivia Martinez,+1 305-555-0734,400.000.134-34,United States
735,Mateus Almeida,+55 27 99999-0735,400.000.135-35,Brazil
736,Lucas Schmidt,+49 89 555-0736,400.000.136-36,Germany
737,Isabella Pereira,+55 41 98888-0737,400.000.137-37,Brazil
738,William Johnson,+1 617-555-0738,400.000.138-38,United States
739,Emma García,+34 95 555-0739,400.000.139-39,Spain
740,Noah Dubois,+33 2 55 55 0740,400.000.140-40,France
741,Alice Moreau,+33 3 88 55 0741,400.000.141-41,France
742,Lucas Rossi,+39 081 555-0742,400.000.142-42,Italy
743,María Fernández,+34 91 555-0743,400.000.143-43,Spain
744,Pedro Souza,+55 19 99999-0744,400.000.144-44,Brazil
745,Charlotte Brown,+44 20 7946 0745,400.000.145-45,United Kingdom
746,Samuel Lee,+1 646-555-0746,400.000.146-46,United States
747,Isabella Silva,+55 62 98888-0747,400.000.147-47,Brazil
748,Lucas Oliveira,+55 81 99999-0748,400.000.148-48,Brazil
749,Amélie Laurent,+33 1 44 55 0749,400.000.149-49,France
750,Daniel Kim,+82 10-5555-0750,400.000.150-50,South Korea
751,Mateo Rossi,+39 06 555-0751,400.000.151-51,Italy
752,Sofia Silva,+55 51 98888-0752,400.000.152-52,Brazil
753,Lucas Hernández,+52 55 5550-0753,400.000.153-53,Mexico
754,Olivia Brown,+1 213-555-0754,400.000.154-54,United States
755,Marcos Lima,+55 71 98888-0755,400.000.155-55,Brazil
756,Emma Wilson,+1 718-555-0756,400.000.156-56,United States
757,Lucas Martins,+55 47 99999-0757,400.000.157-57,Brazil
758,Sophia Romano,+39 02 555-0758,400.000.158-58,Italy
759,Noah Silva,+55 27 98888-0759,400.000.159-59,Brazil
760,Isabella Costa,+351 22 555-0760,400.000.160-60,Portugal
761,Alexander Smith,+1 312-555-0761,400.000.161-61,United States
762,Valentina Rossi,+39 081 555-0762,400.000.162-62,Italy
763,Lucas Pereira,+55 21 98888-0763,400.000.163-63,Brazil
764,Emma García,+34 91 555-0764,400.000.164-64,Spain
765,Oliver Martin,+33 1 55 55 0765,400.000.165-65,France
766,Ana Souza,+55 31 99999-0766,400.000.166-66,Brazil
767,Daniel Silva,+55 11 98888-0767,400.000.167-67,Brazil
768,Sophia Brown,+44 20 7946 0768,400.000.168-68,United Kingdom
769,Lucas Oliveira,+55 41 99999-0769,400.000.169-69,Brazil
770,Isabella Rossi,+39 06 555-0770,400.000.170-70,Italy
771,Noah Johnson,+1 415-555-0771,400.000.171-71,United States
772,Maria Fernández,+54 11 5555-0772,400.000.172-72,Argentina
773,Mateo Silva,+55 85 98888-0773,400.000.173-73,Brazil
774,Olivia Martin,+33 4 78 55 0774,400.000.174-74,France
775,Lucas Costa,+351 21 555-0775,400.000.175-75,Portugal
776,Emma Rossi,+39 081 555-0776,400.000.176-76,Italy
777,Daniela García,+34 93 555-0777,400.000.177-77,Spain
778,Noah Brown,+1 646-555-0778,400.000.178-78,United States
779,Sophia Silva,+55 62 98888-0779,400.000.179-79,Brazil
780,Lucas Moretti,+39 02 555-0780,400.000.180-80,Italy
781,Isabella Pereira,+55 11 98888-0781,400.000.181-81,Brazil
782,Oliver Smith,+44 161 555 0782,400.000.182-82,United Kingdom
783,Emma Dubois,+33 2 55 55 0783,400.000.183-83,France
784,Mateo Fernández,+57 1 555-0784,400.000.184-84,Colombia
785,Lucas Almeida,+55 27 99999-0785,400.000.185-85,Brazil
786,Amelia Clarke,+44 20 7946 0786,400.000.186-86,United Kingdom
787,Diego Ruiz,+52 55 5550-0787,400.000.187-87,Mexico
788,Ava Kim,+82 2-555-0788,400.000.188-88,South Korea
789,Noah Silva,+55 71 98888-0789,400.000.189-89,Brazil
790,Lucas García,+34 93 555-0790,400.000.190-90,Spain
791,Sophia Rossi,+39 081 555-0791,400.000.191-91,Italy
792,Daniela Costa,+351 21 555-0792,400.000.192-92,Portugal
793,Alexander Novak,+420 2 5550 0793,400.000.193-93,Czech Republic
794,Olivia Martinez,+1 305-555-0794,400.000.194-94,United States
795,Mateus Almeida,+55 27 99999-0795,400.000.195-95,Brazil
796,Lucas Schmidt,+49 89 555-0796,400.000.196-96,Germany
797,Isabella Pereira,+55 41 98888-0797,400.000.197-97,Brazil
798,William Johnson,+1 617-555-0798,400.000.198-98,United States
799,Emma García,+34 95 555-0799,400.000.199-99,Spain
800,Noah Dubois,+33 2 55 55 0800,400.000.200-00,France
801,Lucas Ferreira,+55 21 98877-0801,500.000.001-01,Brazil
802,Sara Müller,+49 30 555-0802,500.000.002-02,Germany
803,Diego Alvarez,+34 91 555-0803,500.000.003-03,Spain
804,Emily Davis,+1 212-555-0804,500.000.004-04,United States
805,Mateo Rossi,+39 06 555-0805,500.000.005-05,Italy
806,Anaïs Dupont,+33 1 55 55 0806,500.000.006-06,France
807,Hiro Tanaka,+81 3-5555-0807,500.000.007-07,Japan
808,Olga Petrov,+7 495 555-0808,500.000.008-08,Russia
809,Noah Johnson,+1 415-555-0809,500.000.009-09,United States
810,Mariana Costa,+55 11 99988-0810,500.000.010-10,Brazil
811,Lucas Smith,+44 20 7946 0811,500.000.011-11,United Kingdom
812,Isabella Romano,+39 02 555-0812,500.000.012-12,Italy
813,Sofia García,+34 93 555-0813,500.000.013-13,Spain
814,Arjun Singh,+91 22 5555-0814,500.000.014-14,India
815,Emma Wilson,+1 718-555-0815,500.000.015-15,United States
816,Mateus Oliveira,+55 27 99999-0816,500.000.016-16,Brazil
817,Clara Svensson,+46 8 555 0817,500.000.017-17,Sweden
818,Oliver Brown,+61 2 5550 0818,500.000.018-18,Australia
819,Valentina Moretti,+39 081 555-0819,500.000.019-19,Italy
820,Diego Pereira,+55 31 98888-0820,500.000.020-20,Brazil
821,Amelia Clarke,+44 161 555 0821,500.000.021-21,United Kingdom
822,Lucas Hernández,+52 55 5550-0822,500.000.022-22,Mexico
823,Ava Kim,+82 2-555-0823,500.000.023-23,South Korea
824,Noah Müller,+49 89 555-0824,500.000.024-24,Germany
825,Isabella Silva,+55 41 98888-0825,500.000.025-25,Brazil
826,Samuel Lee,+1 646-555-0826,500.000.026-26,United States
827,María Fernández,+54 11 5555-0827,500.000.027-27,Argentina
828,Lucas Martins,+55 47 99999-0828,500.000.028-28,Brazil
829,Emma Dubois,+33 2 55 55 0829,500.000.029-29,France
830,Alexander Novak,+420 2 5550 0830,500.000.030-30,Czech Republic
831,Olivia Brown,+1 213-555-0831,500.000.031-31,United States
832,Pedro Lima,+55 71 98888-0832,500.000.032-32,Brazil
833,Isabella Costa,+351 21 555-0833,500.000.033-33,Portugal
834,Lucas Schmidt,+49 30 555-0834,500.000.034-34,Germany
835,Sophia Romano,+39 06 555-0835,500.000.035-35,Italy
836,Daniela García,+34 95 555-0836,500.000.036-36,Spain
837,Noah Johnson,+1 617-555-0837,500.000.037-37,United States
838,Amélie Laurent,+33 1 44 55 0838,500.000.038-38,France
839,Daniel Kim,+82 10-5555-0839,500.000.039-39,South Korea
840,Mateo Fernández,+57 1 555-0840,500.000.040-40,Colombia
841,Lucas Almeida,+55 27 99999-0841,500.000.041-41,Brazil
842,Charlotte Brown,+44 20 7946 0842,500.000.042-42,United Kingdom
843,Samuel Green,+1 305-555-0843,500.000.043-43,United States
844,Isabella Pereira,+55 11 98888-0844,500.000.044-44,Brazil
845,Oliver Martin,+33 1 55 55 0845,500.000.045-45,France
846,Ana Souza,+55 31 99999-0846,500.000.046-46,Brazil
847,Daniel Silva,+55 11 98888-0847,500.000.047-47,Brazil
848,Sophia Brown,+44 20 7946 0848,500.000.048-48,United Kingdom
849,Lucas Oliveira,+55 41 99999-0849,500.000.049-49,Brazil
850,Isabella Rossi,+39 02 555-0850,500.000.050-50,Italy
851,Noah Johnson,+1 415-555-0851,500.000.051-51,United States
852,Maria Fernández,+54 11 5555-0852,500.000.052-52,Argentina
853,Mateo Silva,+55 85 98888-0853,500.000.053-53,Brazil
854,Olivia Martin,+33 4 78 55 0854,500.000.054-54,France
855,Lucas Costa,+351 21 555-0855,500.000.055-55,Portugal
856,Emma Rossi,+39 081 555-0856,500.000.056-56,Italy
857,Daniela García,+34 93 555-0857,500.000.057-57,Spain
858,Noah Brown,+1 646-555-0858,500.000.058-58,United States
859,Sophia Silva,+55 62 98888-0859,500.000.059-59,Brazil
860,Lucas Moretti,+39 02 555-0860,500.000.060-60,Italy
861,Isabella Pereira,+55 11 98888-0861,500.000.061-61,Brazil
862,Oliver Smith,+44 161 555 0862,500.000.062-62,United Kingdom
863,Emma Dubois,+33 2 55 55 0863,500.000.063-63,France
864,Mateo Fernández,+57 1 555-0864,500.000.064-64,Colombia
865,Lucas Almeida,+55 27 99999-0865,500.000.065-65,Brazil
866,Amelia Clarke,+44 20 7946 0866,500.000.066-66,United Kingdom
867,Diego Ruiz,+52 55 5550-0867,500.000.067-67,Mexico
868,Ava Kim,+82 2-555-0868,500.000.068-68,South Korea
869,Noah Silva,+55 71 98888-0869,500.000.069-69,Brazil
870,Lucas García,+34 93 555-0870,500.000.070-70,Spain
871,Sophia Rossi,+39 081 555-0871,500.000.071-71,Italy
872,Daniela Costa,+351 21 555-0872,500.000.072-72,Portugal
873,Alexander Novak,+420 2 5550 0873,500.000.073-73,Czech Republic
874,Olivia Martinez,+1 305-555-0874,500.000.074-74,United States
875,Mateus Almeida,+55 27 99999-0875,500.000.075-75,Brazil
876,Lucas Schmidt,+49 89 555-0876,500.000.076-76,Germany
877,Isabella Pereira,+55 41 98888-0877,500.000.077-77,Brazil
878,William Johnson,+1 617-555-0878,500.000.078-78,United States
879,Emma García,+34 95 555-0879,500.000.079-79,Spain
880,Noah Dubois,+33 2 55 55 0880,500.000.080-80,France
881,Alice Moreau,+33 3 88 55 0881,500.000.081-81,France
882,Lucas Rossi,+39 081 555-0882,500.000.082-82,Italy
883,María Fernández,+34 91 555-0883,500.000.083-83,Spain
884,Pedro Souza,+55 19 99999-0884,500.000.084-84,Brazil
885,Charlotte Brown,+44 20 7946 0885,500.000.085-85,United Kingdom
886,Samuel Lee,+1 646-555-0886,500.000.086-86,United States
887,Isabella Silva,+55 62 98888-0887,500.000.087-87,Brazil
888,Lucas Oliveira,+55 81 99999-0888,500.000.088-88,Brazil
889,Amélie Laurent,+33 1 44 55 0889,500.000.089-89,France
890,Daniel Kim,+82 10-5555-0890,500.000.090-90,South Korea
891,Mateo Rossi,+39 06 555-0891,500.000.091-91,Italy
892,Sofia Silva,+55 51 98888-0892,500.000.092-92,Brazil
893,Lucas Hernández,+52 55 5550-0893,500.000.093-93,Mexico
894,Olivia Brown,+1 213-555-0894,500.000.094-94,United States
895,Marcos Lima,+55 71 98888-0895,500.000.095-95,Brazil
896,Emma Wilson,+1 718-555-0896,500.000.096-96,United States
897,Lucas Martins,+55 47 99999-0897,500.000.097-97,Brazil
898,Sophia Romano,+39 02 555-0898,500.000.098-98,Italy
899,Noah Silva,+55 27 98888-0899,500.000.099-99,Brazil
900,Isabella Costa,+351 22 555-0900,500.000.100-00,Portugal
901,Alexander Smith,+1 312-555-0901,500.000.101-01,United States
902,Valentina Rossi,+39 081 555-0902,500.000.102-02,Italy
903,Lucas Pereira,+55 21 98888-0903,500.000.103-03,Brazil
904,Emma García,+34 91 555-0904,500.000.104-04,Spain
905,Oliver Martin,+33 1 55 55 0905,500.000.105-05,France
906,Ana Souza,+55 31 99999-0906,500.000.106-06,Brazil
907,Daniel Silva,+55 11 98888-0907,500.000.107-07,Brazil
908,Sophia Brown,+44 20 7946 0908,500.000.108-08,United Kingdom
909,Lucas Oliveira,+55 41 99999-0909,500.000.109-09,Brazil
910,Isabella Rossi,+39 06 555-0910,500.000.110-10,Italy
911,Noah Johnson,+1 415-555-0911,500.000.111-11,United States
912,Maria Fernández,+54 11 5555-0912,500.000.112-12,Argentina
913,Mateo Silva,+55 85 98888-0913,500.000.113-13,Brazil
914,Olivia Martin,+33 4 78 55 0914,500.000.114-14,France
915,Lucas Costa,+351 21 555-0915,500.000.115-15,Portugal
916,Emma Rossi,+39 081 555-0916,500.000.116-16,Italy
917,Daniela García,+34 93 555-0917,500.000.117-17,Spain
918,Noah Brown,+1 646-555-0918,500.000.118-18,United States
919,Sophia Silva,+55 62 98888-0919,500.000.119-19,Brazil
920,Lucas Moretti,+39 02 555-0920,500.000.120-20,Italy
921,Isabella Pereira,+55 11 98888-0921,500.000.121-21,Brazil
922,Oliver Smith,+44 161 555 0922,500.000.122-22,United Kingdom
923,Emma Dubois,+33 2 55 55 0923,500.000.123-23,France
924,Mateo Fernández,+57 1 555-0924,500.000.124-24,Colombia
925,Lucas Almeida,+55 27 99999-0925,500.000.125-25,Brazil
926,Amelia Clarke,+44 20 7946 0926,500.000.126-26,United Kingdom
927,Diego Ruiz,+52 55 5550-0927,500.000.127-27,Mexico
928,Ava Kim,+82 2-555-0928,500.000.128-28,South Korea
929,Noah Silva,+55 71 98888-0929,500.000.129-29,Brazil
930,Lucas García,+34 93 555-0930,500.000.130-30,Spain
931,Sophia Rossi,+39 081 555-0931,500.000.131-31,Italy
932,Daniela Costa,+351 21 555-0932,500.000.132-32,Portugal
933,Alexander Novak,+420 2 5550 0933,500.000.133-33,Czech Republic
934,Olivia Martinez,+1 305-555-0934,500.000.134-34,United States
935,Mateus Almeida,+55 27 99999-0935,500.000.135-35,Brazil
936,Lucas Schmidt,+49 89 555-0936,500.000.136-36,Germany
937,Isabella Pereira,+55 41 98888-0937,500.000.137-37,Brazil
938,William Johnson,+1 617-555-0938,500.000.138-38,United States
939,Emma García,+34 95 555-0939,500.000.139-39,Spain
940,Noah Dubois,+33 2 55 55 0940,500.000.140-40,France
941,Alice Moreau,+33 3 88 55 0941,500.000.141-41,France
942,Lucas Rossi,+39 081 555-0942,500.000.142-42,Italy
943,María Fernández,+34 91 555-0943,500.000.143-43,Spain
944,Pedro Souza,+55 19 99999-0944,500.000.144-44,Brazil
945,Charlotte Brown,+44 20 7946 0945,500.000.145-45,United Kingdom
946,Samuel Lee,+1 646-555-0946,500.000.146-46,United States
947,Isabella Silva,+55 62 98888-0947,500.000.147-47,Brazil
948,Lucas Oliveira,+55 81 99999-0948,500.000.148-48,Brazil
949,Amélie Laurent,+33 1 44 55 0949,500.000.149-49,France
950,Daniel Kim,+82 10-5555-0950,500.000.150-50,South Korea
951,Mateo Rossi,+39 06 555-0951,500.000.151-51,Italy
952,Sofia Silva,+55 51 98888-0952,500.000.152-52,Brazil
953,Lucas Hernández,+52 55 5550-0953,500.000.153-53,Mexico
954,Olivia Brown,+1 213-555-0954,500.000.154-54,United States
955,Marcos Lima,+55 71 98888-0955,500.000.155-55,Brazil
956,Emma Wilson,+1 718-555-0956,500.000.156-56,United States
957,Lucas Martins,+55 47 99999-0957,500.000.157-57,Brazil
958,Sophia Romano,+39 02 555-0958,500.000.158-58,Italy
959,Noah Silva,+55 27 98888-0959,500.000.159-59,Brazil
960,Isabella Costa,+351 22 555-0960,500.000.160-60,Portugal
961,Alexander Smith,+1 312-555-0961,500.000.161-61,United States
962,Valentina Rossi,+39 081 555-0962,500.000.162-62,Italy
963,Lucas Pereira,+55 21 98888-0963,500.000.163-63,Brazil
964,Emma García,+34 91 555-0964,500.000.164-64,Spain
965,Oliver Martin,+33 1 55 55 0965,500.000.165-65,France
966,Ana Souza,+55 31 99999-0966,500.000.166-66,Brazil
967,Daniel Silva,+55 11 98888-0967,500.000.167-67,Brazil
968,Sophia Brown,+44 20 7946 0968,500.000.168-68,United Kingdom
969,Lucas Oliveira,+55 41 99999-0969,500.000.169-69,Brazil
970,Isabella Rossi,+39 06 555-0970,500.000.170-70,Italy
971,Noah Johnson,+1 415-555-0971,500.000.171-71,United States
972,Maria Fernández,+54 11 5555-0972,500.000.172-72,Argentina
973,Mateo Silva,+55 85 98888-0973,500.000.173-73,Brazil
974,Olivia Martin,+33 4 78 55 0974,500.000.174-74,France
975,Lucas Costa,+351 21 555-0975,500.000.175-75,Portugal
976,Emma Rossi,+39 081 555-0976,500.000.176-76,Italy
977,Daniela García,+34 93 555-0977,500.000.177-77,Spain
978,Noah Brown,+1 646-555-0978,500.000.178-78,United States
979,Sophia Silva,+55 62 98888-0979,500.000.179-79,Brazil
980,Lucas Moretti,+39 02 555-0980,500.000.180-80,Italy
981,Isabella Pereira,+55 11 98888-0981,500.000.181-81,Brazil
982,Oliver Smith,+44 161 555 0982,500.000.182-82,United Kingdom
983,Emma Dubois,+33 2 55 55 0983,500.000.183-83,France
984,Mateo Fernández,+57 1 555-0984,500.000.184-84,Colombia
985,Lucas Almeida,+55 27 99999-0985,500.000.185-85,Brazil
986,Amelia Clarke,+44 20 7946 0986,500.000.186-86,United Kingdom
987,Diego Ruiz,+52 55 5550-0987,500.000.187-87,Mexico
988,Ava Kim,+82 2-555-0988,500.000.188-88,South Korea
989,Noah Silva,+55 71 98888-0989,500.000.189-89,Brazil
990,Lucas García,+34 93 555-0990,500.000.190-90,Spain
991,Sophia Rossi,+39 081 555-0991,500.000.191-91,Italy
992,Daniela Costa,+351 21 555-0992,500.000.192-92,Portugal
993,Alexander Novak,+420 2 5550 0993,500.000.193-93,Czech Republic
994,Olivia Martinez,+1 305-555-0994,500.000.194-94,United States
995,Mateus Almeida,+55 27 99999-0995,500.000.195-95,Brazil
996,Lucas Schmidt,+49 89 555-0996,500.000.196-96,Germany
997,Isabella Pereira,+55 41 98888-0997,500.000.197-97,Brazil
998,William Johnson,+1 617-555-0998,500.000.198-98,United States
999,Emma García,+34 95 555-0999,500.000.199-99,Spain
1000,Noah Dubois,+33 2 55 55 1000,500.000.200-00,France